{
	"info": {
		"_postman_id": "42ea8b39-ace3-42a2-a684-e6c4756e52f1",
		"name": "sada_elmalaeb",
		"schema": "https://schema.getpostman.com/json/collection/v2.1.0/collection.json"
	},
	"item": [
		{
			"name": "footer",
			"request": {
				"method": "GET",
				"header": [],
				"url": {
					"raw": "http://127.0.0.1:8000/api/footer",
					"protocol": "http",
					"host": [
						"127",
						"0",
						"0",
						"1"
					],
					"port": "8000",
					"path": [
						"api",
						"footer"
					]
				}
			},
			"response": []
		},
		{
			"name": "http://127.0.0.1:8000/api/addComment",
			"request": {
				"method": "POST",
				"header": [],
				"body": {
					"mode": "formdata",
					"formdata": [
						{
							"key": "comment",
							"value": "hi again",
							"type": "text"
						}
					]
				},
				"url": {
					"raw": "http://127.0.0.1:8000/api/addComment/3",
					"protocol": "http",
					"host": [
						"127",
						"0",
						"0",
						"1"
					],
					"port": "8000",
					"path": [
						"api",
						"addComment",
						"3"
					]
				}
			},
			"response": []
		},
		{
			"name": "http://127.0.0.1:8000/api/allMagazines",
			"request": {
				"method": "GET",
				"header": [],
				"url": {
					"raw": "http://127.0.0.1:8000/api/allMagazines",
					"protocol": "http",
					"host": [
						"127",
						"0",
						"0",
						"1"
					],
					"port": "8000",
					"path": [
						"api",
						"allMagazines"
					]
				}
			},
			"response": []
		}
	]
}